step	accuracy
0	0.6189516186714172
1	0.6456653475761414
2	0.678931474685669
3	0.6612903475761414
4	0.6819556355476379
5	0.7096773982048035
6	0.7172378897666931
7	0.6849798560142517
8	0.6950604915618896
9	0.7253023982048035
