step	accuracy
0	0.5478830933570862
1	0.6688507795333862
2	0.6552419066429138
3	0.7026209831237793
4	0.6743951439857483
5	0.7127016186714172
6	0.6920362710952759
7	0.7303427457809448
8	0.7162298560142517
9	0.7323588728904724
