step	loss
0	0.6921555995941162
1	0.632474422454834
2	0.6279816031455994
3	0.5929325819015503
4	0.6071648597717285
5	0.5864322781562805
6	0.586425244808197
7	0.5514051914215088
8	0.545407235622406
9	0.5391566157341003
