step	loss
0	0.6592743396759033
1	0.6331750750541687
2	0.6072444915771484
3	0.618977427482605
4	0.5922548770904541
5	0.575110137462616
6	0.5702187418937683
7	0.5871029496192932
8	0.5746379494667053
9	0.544155478477478
