step	accuracy
0	0.559120774269104
1	0.6259474754333496
2	0.6256948113441467
3	0.6474229693412781
4	0.6553815007209778
5	0.6691510677337646
6	0.6868367791175842
7	0.6870894432067871
8	0.687468409538269
9	0.6985851526260376
