step	loss
0	0.7063894867897034
1	0.6508879661560059
2	0.6414335370063782
3	0.6342631578445435
4	0.618030846118927
5	0.6102749705314636
6	0.5935118198394775
7	0.5925097465515137
8	0.5858965516090393
9	0.5730340480804443
